-- ============================================================
-- 自动生成的测试数据
-- 由 generate_sql_inserts.py 生成
-- ============================================================

SET NAMES utf8mb4;
SET FOREIGN_KEY_CHECKS = 0;

-- customer 数据
INSERT INTO customer (customer_id, customer_name, id_card_no, gender, birth_date, phone, email, address, customer_type, customer_level, registration_date, status) VALUES
('XAJI0Y6DPBHSAHXTHV3A', '次数联系产品电影社会.', '542124199505141816', '女', '2021-10-10', '13501338908', 'yanzeng@example.net', '地址之后中文时间觉得规定.美国个人类别相关可能知道.说明部分关系投资客户等级.
之间东西决定女人男人.重要得到空间.很多可能那么威望生活.
合作处理对于市场科技.关系生活可能一切其中更多对于.最后自己成为你的.
国内日期经验电子一点还有文件.法律是一这么大学设备.
准备什么应该分析完全.必须业务只有内容.销售研究一些感觉如此行业.
您的两个资料的是在线我们系列.客户最大显示我的简介.', '企业', '普通', '2024-01-11', '正常'),
('DD4V30T9NT3W5UZBIKCI', '责任中心世界.', '44162319650330248X', '女', '2024-08-04', '18238346578', 'pfeng@example.org', '教育之后最后地址.各种问题进行注册.市场这些合作个人有限那些.女人手机首页电影就是重要不会.研究关系结果空间提供精华.能够文章游戏投资还是上海.一些历史不同决定这里他们准备.', '个人', '金卡', '2017-07-13', '正常'),
('MYZYCWTIQJ7YHL1C32OC', '地方很多有些生活一个虽然以下.经济规定关系她的直接单位世界.', '421182195506238828', '女', '2016-06-08', '13012191361', 'xiulanyang@example.org', '全国设备位置那些.合作日期文件有限工程.成为城市服务还有准备全部服务.显示有限点击进行手机.
关于一般这样空间.时间人民其他直接密码公司电话.
支持图片不是状态表示是否帖子.一起谢谢作者只有生产.
日本作为目前一直这里回复.
如果制作有些进入.
感觉大学论坛名称应用客户工作出现.登录不会你们今年客户.以下同时生活加入.', '企业', '银卡', '2018-02-03', '正常'),
('JIUJV6OH9SDBDW2PCN9T', '点击政府事情网站重要资源美国.报告美国其中看到.', '411201195405135569', '男', '2021-12-06', '13016934060', 'mingshi@example.org', '日期社区系列其他来自如何精华选择.游戏登录可能这么.或者这样发生一个.
大学那个经验非常项目.能力业务参加比较地区.
直接东西就是拥有同时来自部分.下载手机方法品牌.
阅读必须需要留言今天手机经验.完成完全浏览.', '企业', '金卡', '2017-06-17', '正常'),
('EPQ85JSG65KXVF1T2TAL', 'EN9', '411725196504194348', '女', '2023-07-12', '13073471434', 'min81@example.org', '这种自己个人阅读人员.阅读要求全国一起搜索留言工具.
希望如此其他朋友完成实现.这么进入说明地址但是学习注册.合作加入大小语言增加标题.
一起然后直接.运行公司只是他们.一下开发教育以后美国拥有.
威望广告您的管理拥有.解决成功操作城市到了.语言东西这些首页电话.', '个人', '普通', '2019-11-01', '正常'),
('039TEX8FSV871YZOYN6Q', '的是方式国内不断知道自己以及过程.', '45030019360614058X', '男', '2020-02-25', '15818506716', NULL, NULL, '个人', '钻石卡', '2025-06-23', '正常'),
('HCWI64CIYHE7UR23GDPP', '各种学习可是报告不过部分是一.非常其实然后最新手机那些美国.', '36098119881108454X', '男', '2024-09-02', '18548083136', 'wxie@example.org', '工程怎么业务就是地址包括会员.', '个人', '白金卡', '2018-03-05', '正常'),
('02DGTFGQ5C34DXTAD1IO', '成为法律拥有程序游戏.生产之后最大销售标题威望选择.', '210203194504267102', '男', '2021-08-11', '18877520471', 'qiutao@example.org', '必须管理发布的话会员特别发表.提高深圳情况位置有关不同.', '企业', '普通', '2022-06-22', '正常'),
('9J2QP89UZFK8UT0CVS4F', '这些这里在线如何.广告自己功能图片完全市场设计文件.', '220622200207144991', '男', '2025-01-30', '18717464887', 'mdong@example.org', NULL, '个人', '银卡', '2024-10-06', '正常'),
('O7UUBCXULJYLJEXQ77AW', '说明下载最后影响完全之后.准备结果不过.类别所以查看.', '410202197609015512', '男', '2024-06-12', '15767468071', NULL, '主要发表得到很多其实一个.只是管理查看方面以上项目他们.这里以下关于规定时候.为什这些在线这里感觉就是特别汽车.', '个人', '金卡', '2020-09-10', '正常'),
('55NF4ZW9XA3KX7EEDTJV', '手机这里这种增加显示以后决定.得到是否资料责任你的.图片其他之后.', '530400199012173969', '女', '2018-03-16', '14560576627', 'fuwei@example.net', '网上今年项目不要还有系列.事情当前服务成功文件方面.解决品牌品牌完全可能成为.事情产品进行经营增加准备这么.注意最大男人提供联系其他.', '企业', '金卡', '2019-08-14', '正常'),
('64DPJA1WJ0TPAC56T4UF', '个人社会她的为什.', '620824194609192224', '男', '2016-08-28', '18069379237', 'qiang40@example.com', '回复部分设计文章经验.', '企业', '银卡', '2025-09-29', '正常'),
('YYMU5907IF2GOG72OY0I', '不同次数必须介绍影响.', '370901199001057130', '男', '2019-09-07', '15894406409', 'yaotao@example.com', NULL, '企业', '银卡', '2023-08-17', '正常'),
('H7M35IXOKC1MSY4LA5JU', '资料来源位置专业计划图片帮助介绍.', '652823194610202101', '男', '2018-12-16', '18709521456', 'juanfu@example.net', '更新评论生活一点如此报告选择.觉得广告如果城市情况这是.报告觉得名称深圳可以投资.
结果结果搜索控制计划文章.首页东西如此一下作品.科技非常处理解决.
企业产品全部发表.浏览公司那么合作法律.
之后因此浏览经验威望喜欢.自己介绍不同到了是否.标题而且质量工程.
生产报告到了其实作者免费.当前他们任何一切责任要求一种感觉.', '企业', '白金卡', '2020-12-31', '正常'),
('VSNUJZA7TZ0YNCXLL4ZK', '国家合作法律一下当然使用正在日本以及这是.', '140211200502027666', '女', '2022-09-24', '18871159212', 'xiuying98@example.net', '全部无法那么提高提供处理.系列个人那么最后资料那么阅读.日期日期大家拥有.
作者发展学生法律.中文更多搜索的话人员时候.今年计划只有一点他们功能.
相关显示支持地方社区为了.而且最大认为部分谢谢正在政府.', '个人', '银卡', '2017-06-11', '正常'),
('P7Y6WKTAKPUXQPHR62GD', '他们技术不同只有为什阅读个人电脑.大学经济这是单位登录企业.', '350821198112011073', '女', '2023-05-04', '13926838851', NULL, '决定论坛没有增加决定女人.精华其中国际电影报告主题次数.一种增加现在谢谢手机之后不要.事情这么地址继续如果科技.', '企业', '银卡', '2017-05-01', '正常'),
('3FB9W1Q5UZNOFY6452H2', '所以自己基本如果拥有.应该分析基本有关历史起来科技简介.成为项目广告经营欢迎然后为了服务.', '370900196205247980', '女', '2025-05-30', '18607935978', NULL, '原因有关中文实现.帖子主题推荐关于.不要为什社会帮助朋友得到.', '企业', '银卡', '2025-07-06', '正常'),
('2Y9V86WZS3T60RJIW1SW', '完成地址应该所有决定标题不是查看还有.', '513425194503226299', '女', '2022-12-16', '13648652816', NULL, '社会社会的人个人次数单位情况.支持选择责任显示.威望制作工作教育两个有限等级.的人包括简介有些.企业名称商品当前作品城市.', '企业', '金卡', '2021-07-28', '正常'),
('6CFNFHOLQC3O18A5UR7K', '只是图片这种由于报告人民.', '141021198204242475', '女', '2024-12-03', '13861375060', 'xwang@example.org', '音乐软件应用语言.深圳什么功能一种留言还是.有关我们系统大家威望发生因此.
方式功能这样这个全国业务.内容实现以上投资经营认为商品.大学或者活动安全直接.
正在进行由于显示一定感觉虽然.企业建设音乐这么出现进行活动.
日本比较任何企业.资料运行一种对于标题希望上海.内容一次还有的是.深圳浏览成为.', '个人', '白金卡', '2019-07-20', '正常'),
('HPBMYOFQEWAOUAXEQBNH', '然后操作一样更新生产比较比较进入两个电子.', '410726194208271691', '女', '2025-10-27', '13984511544', 'tyao@example.com', '为了论坛事情为了准备评论.服务作为社会能够.
开始为什成功.因为同时工程.
到了自己支持有关介绍不同.认为无法资源解决.参加下载中心查看一点.
一次男人个人作品留言.用户公司服务主题数据准备中文.
部门这里国际其他在线部门.业务能力所有用户.同时应该知道认为.
北京制作使用资源商品希望新闻.控制服务客户运行有关行业.北京之间这里之后两个北京.', '企业', '金卡', '2017-07-31', '正常');

-- bond 数据
INSERT INTO bond (bond_id, issuer_id, bond_code, bond_name, bond_type, face_value, coupon_rate, issue_price, issue_amount, issue_date, maturity_date, payment_frequency, credit_rating, listing_date, status) VALUES
('XAJI0Y6DPBHSAHXTHV3A', '039TEX8FSV871YZOYN6Q', '次数联系产品电影.', '还是相关一直进入然后.注册但是帖子.的话具有处理.地址之后中文时间觉得规定.美国个人类别相关可能知道.说明部分关系投资客户等级.的是必须浏览社会游戏市场重要.空间是否很多可能那么.', '短期融资券', 100, 5.43, 1597.02, 9572173.51, '2022-03-21', '2021-03-18', '季付', 'AA+', NULL, '正常交易'),
('D4V30T9NT3W5UZBIKCID', '9J2QP89UZFK8UT0CVS4F', '社会活动对于的话.', '但是专业两个已经控制觉得看到.免费如此国内日期.电子一点还有文件推荐的话目前.大学设备社会准备什么应该分析完全.', '可转债', 100, 2.86, 3584.94, 6702081.57, '2019-09-08', '2025-10-30', '年付', 'BBB-', '2021-02-27', '正常交易'),
('TIQJ7YHL1C32OC6UZHR5', 'VSNUJZA7TZ0YNCXLL4ZK', '政府公司积分业务.', '到了帖子联系学习运行设计结果我们朋友.', '公司债', 100, 2.52, 7462.64, 5390233.92, '2023-06-28', '2020-12-11', '到期一次还本付息', 'A-', '2016-12-06', '正常交易'),
('OH9SDBDW2PCN9T84AZYT', '9J2QP89UZFK8UT0CVS4F', '以下项目次数您的.', '音乐国家拥有历史.组织怎么方式.
这些活动标准系统可是.注意详细因为重要.联系由于提高只要不断分析程序.
全部解决关于查看所有网站.信息感觉之后时间各种问题.', '可转债', 100, 2.12, 4375.91, 4537783.34, '2017-10-09', '2016-11-02', '季付', 'BBB', '2020-03-06', '正常交易'),
('SDW4SHNF877VREN93IIU', 'MYZYCWTIQJ7YHL1C32OC', '简介为什包括系统.', '报告孩子本站作者销售.', '中期票据', 100, 12.33, 9780.95, 5327528.99, '2023-11-16', '2016-12-17', '半年付', 'AA', '2017-10-13', '正常交易'),
('8FSV871YZOYN6QICATVA', 'DD4V30T9NT3W5UZBIKCI', '业务直接要求简介.', '非常今年如果部分工具.他们准备实现当前.', '地方政府债', 100, 13.63, 8603.37, 709502.64, '2019-08-29', '2025-09-21', '半年付', 'A+', '2018-07-09', '正常交易'),
('HE7UR23GDPPQ0Y9DOM5I', 'HCWI64CIYHE7UR23GDPP', '结果只有简介控制.', '支持选择当前那个一般这么已经.方法增加无法已经显示品牌进行进行.精华计划一样那个工作.全国设备位置那些.合作日期文件有限工程.', '中期票据', 100, 2.53, 1875.71, 4626818.06, '2017-12-31', '2018-07-09', '年付', 'BBB+', '2025-03-15', '正常交易'),
('4DXTAD1IOR56FAO72KZ0', '2Y9V86WZS3T60RJIW1SW', '相关社会发生全国.', '威望男人作品一定经验时间.其他直接密码公司电话文章感觉.图片不是状态表示是否.怎么一起谢谢作者只有生产我们.作为目前一直这里.的话方式如此包括发布产品.', '中期票据', 100, 2.74, 3002.24, 9687124.94, '2024-06-23', '2024-11-09', '到期一次还本付息', 'BBB', NULL, '正常交易'),
('LBR7TCS4CC5O7UUBCXUL', '9J2QP89UZFK8UT0CVS4F', '来自而且一定自己.', '制作电影东西支持不断很多正在.以后下载比较人员.', '可转债', 100, 3.96, 3988.07, 6717230.54, '2024-08-04', '2024-06-15', '季付', 'BBB+', '2018-02-03', '正常交易'),
('1CQ99CHJ755NF4ZW9XA3', 'O7UUBCXULJYLJEXQ77AW', '行业查看那么教育.', '重要资源美国.报告美国其中看到.人员软件国内目前那个空间工作.学习关系日期提高能力建设女人大家.一个以下是一商品一直结果.学生到了增加方面直接因为.显示登录专业规定感觉.', '地方政府债', 100, 14.11, 1386.2, 1155171.28, '2018-11-17', '2021-05-07', '年付', 'BBB', '2015-11-15', '正常交易'),
('KHMY4SJ6BW3BME9FPZUE', 'EPQ85JSG65KXVF1T2TAL', '只有来自作为工具.', '非常项目免费首页质量欢迎.地区经济直接东西.政府您的结果网站.本站企业空间作品两个.阅读必须需要留言今天手机经验.完成完全浏览.', '国债', 100, 12.6, 5845.97, 1481789.76, '2017-01-30', '2017-03-15', '半年付', 'AAA', '2020-07-07', '正常交易'),
('6246HID25OWF75935A0L', 'H7M35IXOKC1MSY4LA5JU', '她的之间以后广告.', '根据完成回复一起以及国家决定有关.语言生产继续也是这些.如果经济评论他的是一什么.这种自己个人阅读人员.阅读要求全国一起搜索留言工具.可能时间为了城市是否拥有安全.', '企业债', 100, 4.37, 7884.38, 1081848.17, '2023-11-07', '2023-02-10', '年付', 'BBB+', '2024-04-10', '正常交易'),
('3QK2IAGL58KXO9T7E8G8', '9J2QP89UZFK8UT0CVS4F', '世界增加深圳工作.', '国内威望.', '地方政府债', 100, 9.15, 3489.59, 7864495.35, '2016-02-21', '2022-04-18', '月付', 'BBB-', '2017-03-23', '正常交易'),
('E6GBPS3Y70HP87WXE6SY', '55NF4ZW9XA3KX7EEDTJV', '对于不过服务建设.', '免费一下最大可能城市一种.威望广告您的管理拥有.解决成功操作城市到了.语言东西这些首页电话.', '公司债', 100, 8.54, 1958.81, 6649629.41, '2023-01-20', '2023-08-25', '月付', 'AA', '2017-07-04', '正常交易'),
('KTAKPUXQPHR62GDSWM31', 'O7UUBCXULJYLJEXQ77AW', '只是国家工具工作.', '这是原因资源具有如果程序必须.规定这样对于觉得.', '企业债', 100, 2.64, 509.83, 9839376.29, '2024-02-03', '2016-12-03', '到期一次还本付息', 'AA+', '2025-06-23', '正常交易'),
('5UZNOFY6452H2ZQU7EEQ', '3FB9W1Q5UZNOFY6452H2', '计划行业情况运行.', '报告不过部分是一也是学习关系.最新手机那些美国有关.一样合作教育今天专业单位不会.资料以后处理生产中国.发展系列怎么基本程序.', '可转债', 100, 14.28, 8919.69, 6126910.58, '2021-05-27', '2019-04-22', '到期一次还本付息', 'A-', '2025-11-01', '正常交易'),
('T60RJIW1SWJCKJLTEIYZ', 'MYZYCWTIQJ7YHL1C32OC', '根据怎么位置结果.', '一些所有游戏所有投资.游戏文化生产之后.销售标题威望选择知道这样各种.评论正在感觉规定.作为城市相关可以.', '短期融资券', 100, 5.3, 4685.95, 623594.84, '2020-08-24', '2024-02-03', '月付', 'A-', '2019-11-16', '正常交易'),
('VZ41NAM148P0TVHHPBMY', 'YYMU5907IF2GOG72OY0I', '文章是否应用系统.', '中文到了发展推荐.类别提高深圳情况位置有关不同.一切会员东西为什一直次数要求免费.在线所以服务一个.程序广告自己功能图片完全市场.历史责任简介重要那些.电话网站发布文件开始问题.', '政策性金融债', 100, 12.69, 9199.44, 9807239.05, '2018-11-28', '2019-11-23', '到期一次还本付息', 'AAA', '2018-08-04', '正常交易'),
('VXDP5GJLQM5K8P4Q0B8I', 'MYZYCWTIQJ7YHL1C32OC', '加入关系解决所有.', '过程比较说明.作者参加实现.之后信息类别控制女人类别所以.操作一点的人搜索科技应该作者.如何最新我的国家新闻今天.根据这里开发日期最新当前.很多其实一个网上只是管理.', '国债', 100, 11.44, 9498.64, 1994407.46, '2020-04-01', '2022-11-07', '年付', 'BBB-', '2017-01-30', '正常交易'),
('EYUHZ1GV0E38DALY8OZC', '02DGTFGQ5C34DXTAD1IO', '应用质量不会同时.', '人民信息人民说明什么任何积分.', '公司债', 100, 12.83, 6024.1, 1211429.6, '2025-05-04', '2022-05-07', '到期一次还本付息', 'AAA', '2017-05-29', '正常交易'),
('PNSM43D8W3ZP08J3TRP0', '9J2QP89UZFK8UT0CVS4F', '学生城市精华或者.', '手机这里这种增加显示以后决定.得到是否资料责任你的.图片其他之后.', '企业债', 100, 12.55, 912.3, 8816430.21, '2024-07-25', '2025-09-04', '半年付', 'BBB+', '2018-04-04', '正常交易'),
('YMRLRMJKV5USGIOTIRZQ', 'XAJI0Y6DPBHSAHXTHV3A', '标准都是为什使用.', '处理起来一样标题只要网站.', '公司债', 100, 3.71, 6933.28, 3062754.1, '2025-07-08', '2017-02-17', '到期一次还本付息', 'A', '2025-07-10', '正常交易'),
('TP0LZJJEGET1GHR09SKD', 'HCWI64CIYHE7UR23GDPP', '怎么发布操作发布.', '公司开始事情当前服务成功文件.包括解决品牌品牌完全可能成为商品.', '企业债', 100, 5.73, 3057.56, 7080476.84, '2020-03-17', '2016-11-07', '半年付', 'A+', NULL, '正常交易'),
('BK7W1DAKRM8J5ECRUYF3', 'O7UUBCXULJYLJEXQ77AW', '密码发布地区推荐.', '论坛进行地方技术学习.', '企业债', 100, 2.22, 7656.21, 6063570.19, '2019-08-14', '2017-04-28', '到期一次还本付息', 'AA-', '2021-03-07', '正常交易'),
('N6KVPUC8D1WJCITFOYQB', 'O7UUBCXULJYLJEXQ77AW', '实现你的主要发现.', '事情东西活动汽车开始只是主要大家.质量非常功能.在线项目都是之后其中只有一些.价格建设也是这些一样.选择规定信息一种电子时间很多.汽车法律威望.一次最后能够但是世界.', '公司债', 100, 10.69, 4567.61, 6874161.82, '2024-11-26', '2022-05-02', '季付', 'BBB-', '2018-12-16', '正常交易'),
('7PTX63CFL0UKEYZ7SRCB', 'H7M35IXOKC1MSY4LA5JU', '操作他们工具是一.', '当然一下阅读用户.国内名称更新评论生活一点如此.这么资料电话只要还是.完全大小标题报告觉得.作者电子文件时候而且您的.搜索控制计划文章设计.东西如此一下.地址内容其实当然这样如何还是次数.', '可转债', 100, 9.25, 307.36, 2290015.23, '2019-07-31', '2025-05-13', '到期一次还本付息', 'BBB-', '2022-11-01', '正常交易'),
('9YJB1QX6GVWRDMLY4LYK', 'YYMU5907IF2GOG72OY0I', '加入东西网上最后.', '威望喜欢密码美国.但是不同同时社会标题而且.问题生产报告到了其实作者.运行销售信息责任手机.责任要求一种感觉.个人网上一下发布质量一个完全本站.是一加入方式很多.公司深圳这些专业.', '国债', 100, 7.09, 3179.45, 3233414.59, '2016-07-03', '2020-05-08', '月付', 'BBB', '2019-06-28', '正常交易'),
('A5QBSWRPBJEK5RBW2ZLA', 'H7M35IXOKC1MSY4LA5JU', '国内国家合作法律.', '当然使用正在日本以及这是.', '企业债', 100, 14.89, 9133.65, 4615017.49, '2025-07-05', '2016-06-23', '年付', 'AA', '2020-08-28', '正常交易'),
('ZSJ49ITN7S55J2O7S3KK', '6CFNFHOLQC3O18A5UR7K', '学校经营国家因此.', '质量最新发布因为.科技发生专业全部无法那么提高提供.是否操作日本系列.大学过程阅读之间资源.日期日期大家拥有.进行一种就是网络文化中文更多.', '中期票据', 100, 13.05, 4493.15, 4843929.51, '2016-05-19', '2018-09-29', '季付', 'BBB', '2018-12-29', '正常交易'),
('N759IN4OLR6N92XF8E8L', 'JIUJV6OH9SDBDW2PCN9T', '支持是否您的日期.', '网站文章谢谢而且最大认为部分.正在政府或者运行软件不断之间.注册评论最大增加为了.网上起来看到开始.作者无法等级.', '地方政府债', 100, 8.13, 4596.43, 7224715.83, '2017-06-11', '2022-01-17', '月付', 'AA', NULL, '正常交易');

-- fund 数据
INSERT INTO fund (fund_id, fund_code, fund_name, fund_type, fund_manager, fund_manager_id, custodian, net_value, accumulated_net_value, fund_size, establishment_date, management_fee_rate, custodian_fee_rate, subscription_rate, redemption_rate, risk_level, status) VALUES
('XAJI0Y6DPBHSAHXTHV3A', '次数联系产品电影.', '人员要求自己部分北京今年简介这个企业什么.', 'ETF', '帖子软件价格解决进入.有关美国网上基本国家.资料支持原因教育就是网络.', '9J2QP89UZFK8UT0CVS4F', '人民学习不断一点投资是否经济相关进行注意.', 21.6098, 763.5178, 1022.11, '2023-08-08', 1.14, 0.36, 1.72, 1.32, '低风险', '运作中'),
('0T9NT3W5UZBIKCIDKWNN', '发表都是发布的话.', '科技名称介绍不是你的密码解决.', '指数型', '出来一次最后自己成为你的.汽车标准商品免费以上.开始还是法律是一这么大学设备.但是准备能力作者这个文章.国家行业销售建设销售研究一些感觉.行业电话浏览.两个资料的是在线我们.', 'MYZYCWTIQJ7YHL1C32OC', '为什自己最大是一继续无法一个.怎么方式社会空间部分这些.国内次数发展单位进行.类别北京方法这里文件事情只有.不断分析程序数据看到.关于查看所有网站教育之后.', 63.5343, 534.1865, 2448.12, '2016-03-07', 1.39, 0.27, 4.63, 3.44, '中低风险', '运作中'),
('Y41IBLJH75LXO6QJIUJV', '怎么我的最大为了.', '个人有限那些一样首页她的部分.就是重要不会新闻决定.结果空间提供.因此能够文章游戏投资还是.美国一些历史不同.网络操作一般公司就是城市同时.', 'ETF', '以下她的经济规定关系.直接单位世界但是问题比较内容.已经搜索更新是否在线参加.', '02DGTFGQ5C34DXTAD1IO', '销售不能出来名称工具以后问题帮助所有.', 51.0017, 91.0003, 471.17, '2022-06-11', 0.33, 0.63, 3.96, 2.11, '低风险', '运作中'),
('NVQJT7YE511MKFAZZ81S', '实现得到研究建设.', '一切非常不会虽然搜索需要特别.', '指数型', '还有不断那些中国东西.全部服务免费文件应用以后以后.经济关于一般这样空间部分.时间人民其他直接密码公司电话.一直支持图片不是.通过科技文件怎么一起谢谢.', '3FB9W1Q5UZNOFY6452H2', '作为目前一直这里.的话方式如此包括发布产品.设备发布北京环境质量欢迎.质量不是一些.不会你们今年客户.以下同时生活加入.以后下载比较人员.', 19.9712, 373.9765, 1615.5, '2024-08-04', 2.86, 0.92, 4.59, 2.99, '中高风险', '运作中'),
('A753LC58DRC11ERTJ5PH', '留言一下选择行业.', '政府事情网站重要资源.很多报告美国其中看到.人员软件国内目前那个空间工作.学习关系日期提高能力建设女人大家.一个以下是一商品一直结果.', '货币型', '显示登录专业规定感觉.全国计划这是有些或者.电影威望会员不是她的.经验非常项目免费首页质量欢迎积分.经济直接东西就是.结果网站价格下载手机.作品两个开发浏览女人商品这种.', 'O7UUBCXULJYLJEXQ77AW', '但是觉得留言非常更多帮助.开发能够登录一定.成为分析不同根据完成回复一起以及.法律方法发现推荐.', 99.5154, 649.9131, 4381.01, '2018-09-22', 1.55, 0.12, 1.12, 1.69, '高风险', '运作中'),
('TVAZCCBLSKRT05UIRODX', '精华今天首页加入.', '自己这种自己个人.如何一般阅读要求全国一起.次数没有以后女人希望如此其他朋友.', 'ETF', '注册教育这是精华联系研究北京.详细一起然后直接发展大学很多的人.可能免费一下最大可能.', 'VSNUJZA7TZ0YNCXLL4ZK', '成功操作城市到了.语言东西这些首页电话.非常大家而且提高只要.继续生活来自那个.女人当然音乐计划价格.程序必须相关得到品牌组织所有空间.点击大学介绍.解决可以全国怎么学生社会完成.', 5.5117, 653.4901, 6461.8, '2020-09-14', 0.18, 0.73, 4.0, 0.55, '中低风险', '运作中'),
('GQPKI7P5TB94874FRHOC', '工程国内资源希望.', '美国有关您的一样.教育今天专业单位不会发现.以后处理生产中国到了.活动电影更多活动.', '股票型', '而且感觉状态全部这里为了那么环境.所有游戏所有投资最大.游戏文化生产之后.', '9J2QP89UZFK8UT0CVS4F', '评论正在感觉规定.作为城市相关可以.广告项目上海他们计划.电话使用应该女人表示自己中文.发展推荐你们阅读销售.', 28.5964, 696.6218, 7305.06, '2021-12-18', 2.35, 0.66, 2.43, 0.95, '中低风险', '运作中'),
('8UT0CVS4F8CGVYIE6IVW', '本站环境以下日期.', '在线所以服务一个.程序广告自己功能图片完全市场.历史责任简介重要那些.电话网站发布文件开始问题.', 'FOF', '处理如此更新应该系统.过程比较说明.作者参加实现.之后信息类别控制女人类别所以.', '9J2QP89UZFK8UT0CVS4F', '如何最新我的国家新闻今天.根据这里开发日期最新当前.', 67.0056, 314.2524, 2656.15, '2021-01-19', 0.39, 0.65, 2.29, 4.65, '低风险', '运作中'),
('AWUDTSEMCIKPTK93TYT7', '增加文化以下经验.', '这样电子根据需要回复解决商品.', '混合型', '客户为什这些.来自可以如何网站.只是发表一种以上.', 'JIUJV6OH9SDBDW2PCN9T', '人民个人标准图片浏览城市用户.', 74.2674, 155.5324, 2817.57, '2018-08-19', 0.63, 0.34, 3.44, 4.26, '高风险', '运作中'),
('R64DPJA1WJ0TPAC56T4U', '或者帖子您的电子.', '安全项目网上工具正在大小地址重要欢迎.', 'ETF', '能力应该人民觉得你们影响方法美国.', 'DD4V30T9NT3W5UZBIKCI', '这种工具新闻他的首页一点可能.今天产品更新然后.今年项目不要还有.', 36.5287, 933.0947, 9721.96, '2025-07-24', 0.12, 0.36, 3.41, 3.33, '中等风险', '运作中'),
('25OWF75935A0L7253J2D', '更新历史之后参加.', '单位准备.', 'LOF', '孩子简介过程单位一般喜欢.经营增加准备这么学习.', 'HCWI64CIYHE7UR23GDPP', '有些企业欢迎的是音乐.手机新闻行业的人.系统事情东西活动.开始只是主要大家中国觉得质量这是.服务次数一定其他.', 35.0309, 820.5543, 8713.23, '2019-09-07', 0.67, 0.66, 1.99, 1.39, '低风险', '运作中'),
('8KXO9T7E8G8JDP0LVSNU', '无法品牌关于关于.', '评论起来表示法律这个提高.威望有些一次最后能够但是世界.', '股票型', '工程环境项目那个可是作者选择这么.用户责任国内名称.一点一种大家其实地方部分这么.觉得广告如果城市情况这是.报告觉得名称深圳可以投资.而且您的目前可能作为介绍影响.', 'H7M35IXOKC1MSY4LA5JU', 'S3', 68.717, 940.2691, 7370.38, '2024-12-17', 0.59, 0.43, 4.74, 4.6, '高风险', '运作中'),
('L4ZKLOOKEP7Y6WKTAKPU', '以及参加提高主题.', '次数会员应该.同时投资朋友介绍.全国一直支持阅读提供怎么如何.自己介绍不同到了是否.标题而且质量工程.资源世界时候社区.作者免费其中当前他们任何一切.', 'QDII', '一个完全本站北京一些所以重要下载.出现责任之后.所以管理一直.电话内容有关社会学校那么地址.', 'VSNUJZA7TZ0YNCXLL4ZK', '回复文章数据不同质量最新.使用生产科技发生.可能销售选择帖子大学业务.是否操作日本系列.大学过程阅读之间资源.', 67.5952, 511.2229, 7937.36, '2022-09-26', 2.88, 0.74, 3.29, 1.42, '高风险', '运作中'),
('M31YIHAIR4COWGZRIXA1', '处理提供公司因为.', '法律介绍有限问题.的话合作新闻今年计划只有一点.当前组织为了.
免费地区网站文章谢谢而且最大.情况大学的话两个方面影响更多.不断之间你的的人男人环境资料时间.', '债券型', '分析他们技术不同.单位项目评论分析电话大学.这是学校由于环境地址.管理通过次数两个类别国际所有以上.', '02DGTFGQ5C34DXTAD1IO', '我的之后内容工程软件行业电话非常品牌科技社区.', 80.4306, 695.9422, 4645.5, '2022-12-18', 1.67, 0.92, 0.61, 0.67, '中高风险', '运作中'),
('Y9V86WZS3T60RJIW1SWJ', '喜欢大学积分组织.', '地方主要一点行业投资.', '指数型', '谢谢手机之后不要电子来自.地址继续如果科技无法需要.', '9J2QP89UZFK8UT0CVS4F', '说明最大经验不能.应该分析基本有关历史起来科技简介.成为项目广告经营欢迎然后为了服务.', 32.039, 540.1982, 1383.75, '2020-12-09', 0.69, 0.69, 3.53, 0.32, '中高风险', '运作中'),
('LQC3O18A5UR7KO64T026', '对于完全政府内容.', '操作最新方法自己内容相关质量.标题发展工程工作各种一切.位置在线音乐图片如何资料销售.工程使用就是这是经济大小地区一起.', '货币型', '北京部门发展你们运行一下.合作之间文化表示.', 'H7M35IXOKC1MSY4LA5JU', '游戏准备支持选择责任显示是一.工作教育两个有限等级生活一种.部分联系关于新闻这是这些不同经济.设计这些报告她的有些需要这是.', 2.9996, 336.1959, 6791.42, '2023-11-18', 1.21, 0.17, 2.34, 0.64, '高风险', '运作中'),
('T6VXDP5GJLQM5K8P4Q0B', '通过介绍如果到了.', '感觉相关谢谢品牌经济类别.有关电脑一种作者汽车.浏览不断阅读资源音乐建设技术.', '货币型', '工作帮助首页一种.有关我们系统大家威望发生因此.只有一次这些时候这些其中方面.方式一起销售公司.认为商品国际一个不会一样中心.不要知道拥有进入.', 'MYZYCWTIQJ7YHL1C32OC', '都是可是必须日本.公司为了资料运行一种对于.经营中文内容一次还有的是企业.浏览成为来自资源人民.主要城市游戏出现成功很多人员.加入关于看到项目.', 4.1218, 31.1269, 2472.84, '2016-09-10', 2.52, 0.62, 1.19, 2.37, '低风险', '运作中'),
('UHZ1GV0E38DALY8OZCYW', '必须发表作为完成.', '部分学习方法自己发表也是注意.', '指数型', '以及商品联系不同以及.或者学习其中深圳已经结果.社会能够行业拥有开始为什.产品进行继续名称这种标准.支持有关介绍不同如果什么名称日期.一些电话比较以上建设.', 'HPBMYOFQEWAOUAXEQBNH', '选择的人用户文章合作大家地区北京.', 79.6431, 565.976, 410.7, '2022-07-19', 1.6, 0.66, 0.34, 3.24, '低风险', '运作中'),
('43D8W3ZP08J3TRP0J43D', '网络根据能够大学.', '数据以下作为业务.网站空间业务同时应该知道认为.觉得这里作品发展来自准备商品.新闻如何认为因为成为服务研究.', '货币型', '一种查看会员生活.都是计划类型谢谢一些.评论简介或者就是其中然后那个.地区系列提高出来.论坛决定技术到了日本文件不是.安全其中以上简介国际原因也是.选择服务问题项目也是通过.', 'VSNUJZA7TZ0YNCXLL4ZK', '他的研究你的推荐.他们次数很多安全.根据那些系列世界.以上记者以上环境.作者电子还有.个人不会他们今天制作.经济时间文章公司文件名称精华.', 61.0721, 379.0514, 287.01, '2021-05-26', 2.55, 0.18, 1.06, 3.99, '中等风险', '运作中'),
('KV5USGIOTIRZQAKOIXNT', '文章一样这么登录.', '其实方面作品北京网络.欢迎资料密码分析价格能力.工作工作数据觉得查看发布类型.', 'ETF', '学校显示能力怎么的话.人民而且影响标题设备欢迎大小.软件方法报告成功一次女人系列设备.不要系列一次可能.注册到了方式没有日期.新闻通过更新作品.事情比较内容什么要求专业直接.', '2Y9V86WZS3T60RJIW1SW', '作品游戏推荐你们网站.日本男人程序怎么地方.那些欢迎评论时候这是可能标题.', 35.2459, 453.7999, 3066.24, '2020-04-16', 0.69, 0.72, 1.58, 3.71, '中低风险', '运作中'),
('G0JV1V93KMKZEBBK7W1D', '可能部门成为其他.', 'UQP', '混合型', '看到一种精华.', '9J2QP89UZFK8UT0CVS4F', '喜欢之后活动合作.情况设计提供人员首页行业什么.注意在线操作以后方法操作分析.最新工程当然现在认为.', 11.4973, 65.4369, 4917.47, '2016-03-25', 1.73, 0.69, 0.76, 4.06, '中等风险', '运作中'),
('DIUOVW1N6KVPUC8D1WJC', '之后可是生产大学.', '其他说明不断.经济一切一般应该密码品牌.', '混合型', '深圳标准基本所以工具来源.记者现在合作上海还是最新.时间这种以及你的人员.大小中国经验包括内容发表环境电影.历史过程日本程序作为计划而且.', 'MYZYCWTIQJ7YHL1C32OC', '或者根据规定欢迎空间最新名称制作所有继续.', 0.3673, 450.5587, 5938.12, '2021-02-24', 0.87, 0.23, 3.53, 3.51, '中高风险', '运作中'),
('CIJ2V2HEIFJFC2V37PQK', '投资电话威望联系.', '有些用户投资生活是否项目行业.怎么质量以及已经有限阅读起来你们.大小电子人民这么那个.只有处理一般.', '指数型', '的人公司其中关系只要音乐.有关帮助等级系统只要今年.经验点击不能投资.北京注意威望分析注意非常商品.详细控制推荐都是生产密码.', '2Y9V86WZS3T60RJIW1SW', '活动进行学校.销售男人这个一直精华同时但是.还是特别同时帮助.他的销售结果他的这样开始重要.阅读生产更多然后比较.', 43.8321, 598.0769, 8894.23, '2025-04-14', 2.2, 0.6, 0.13, 1.14, '高风险', '运作中'),
('VA13U1GSPK9P38QOLDFO', '特别起来一次首页.', '发布等级分析首页社区这样.觉得一点的话报告.无法朋友大家人员系统有关介绍.大小世界你的影响说明今年世界.', '指数型', '这么城市一点留言.资源这些最新图片研究.环境知道制作研究能够系列.一点介绍阅读的话地址本站.感觉搜索系列选择需要.可能威望以上经验对于.类别怎么大小文化只是.', 'YYMU5907IF2GOG72OY0I', '不要语言服务政府.类别新闻出来.进行自己但是开发问题.汽车重要公司详细新闻公司系列投资.公司根据影响觉得当然.帮助不要活动东西.人民你的资源音乐电影.手机规定其他之间系统特别解决.就是可能感觉.', 55.0547, 454.8804, 3145.18, '2022-04-26', 0.97, 0.97, 2.02, 2.57, '低风险', '运作中'),
('XTOGN1W1HT7PZE9VIFTT', '怎么实现还是成功.', '资料日期语言男人看到进行.', '货币型', '阅读觉得威望客户这个文件研究.', 'VSNUJZA7TZ0YNCXLL4ZK', '环境网上免费之后电话不同活动威望.', 64.8062, 154.0557, 9326.53, '2021-07-15', 0.88, 0.71, 2.08, 2.41, '中高风险', '运作中');

-- derivative 数据
INSERT INTO derivative (derivative_id, contract_code, contract_name, derivative_type, underlying_asset_type, underlying_asset_code, underlying_asset_name, contract_size, strike_price, option_type, contract_unit, listing_date, expiry_date, delivery_month, settlement_method, margin_rate, exchange, status) VALUES
('XAJI0Y6DPBHSAHXTHV3A', '次数联系产品电影社会人员要求自己部分.', '今年简介这个企业什么最新都是这么完成工作.', '权证', '商品', '的是参加部分东西专业.', '美国网上基本国家只有美国个人类别.就是网络社区说明.关系投资客户.', 155480.34, 336594.55, NULL, 'MMJB', '2016-07-25', '2022-06-25', '大学发表.', '实物交割', 97.45, '中国金融期货交易所', '交易中'),
('CKW5NGCX1945NQ4FMYZY', '发布的话新闻结果计划是一活动发生不要.', '特别电子原因我的质量.', '结构化产品', '利率', '主要深圳.', '只是不过以下程序.对于出来一次最后自己.看到使用汽车标准商品免费.电子一点还有文件推荐的话目前.大学设备社会准备什么应该分析完全.', 729127.07, 379455.45, '不适用', '起来制作包括成功介绍政府公司积分.', '2023-05-18', '2023-07-22', '帖子联系.', '现金交割', 85.07, '上海期货交易所', '交易中'),
('IBLJH75LXO6QJIUJV6OH', '运行设计结果我们朋友一直文件您的在线.', '项目次数您的质量的是情况感觉这些加入.', '结构化产品', '商品', '14F', '一个浏览希望大小软件联系投资开发不会发展.', 792079.57, 63527.72, '看跌', '语言发表因为商品相关责任中心世界.', '2020-08-15', '2021-05-14', '虽然成功.', '混合交割', 86.77, '上海期货交易所', '交易中'),
('YE511MKFAZZ81SDW4SHN', '简介日期加入选择只是然后特别参加感觉.', '类别合作不能名称任何就是更新注册事情政府.', '结构化产品', '信用', '事情专业中国我的那些现在资料提供.', 'VR', 111868.61, 985321.38, '看涨', 'IU', '2024-06-19', '2016-07-29', NULL, '混合交割', 51.17, '上海期货交易所', '交易中'),
('9TEX8FSV871YZOYN6QIC', '为了新闻一切商品成为加入需要谢谢是否.', 'VIHC', '权证', '股票', '知道处理说明.', '还是开始正在作为.', 905420.11, 70857.36, '不适用', '简介为什包括系统全部报告孩子.', '2016-06-22', '2023-02-25', '国家而且.', '实物交割', 73.72, '上海证券交易所', '交易中'),
('UIRODXMO5BXXC02DGTFG', '图片业务直接要求简介不过新闻对于而且.', '部分工具网络操作一般公司.以下社区联系单位.很多有些生活一个虽然.经济规定关系她的直接单位世界.当前那个一般这么已经.', '期权', '信用', 'P5T', '点击销售不能.', 652145.24, 14757.87, NULL, '名称工具以后.', '2022-01-23', '2020-01-23', '决定实现.', '现金交割', 50.73, '中国金融期货交易所', '交易中'),
('6FAO72KZ02XRGHC0CLBR', '研究建设这样一切非常不会虽然搜索需要.', '还有不断那些中国东西.全部服务免费文件应用以后以后.经济关于一般这样空间部分.时间人民其他直接密码公司电话.一直支持图片不是.', '期权', '股票', '什么密码简介如何使用我们应该游戏.', '朋友这些经验人民经营.', 851342.69, NULL, NULL, '可以联系方式.', '2021-04-29', '2024-03-19', '决定人民.', '混合交割', 28.39, '上海证券交易所', '交易中'),
('BCXULJYLJEXQ77AWUDTS', '作为世界内容开发是一问题无法来自而且.', '自己不要之间说明帮助最后为了活动.', '互换', '股票', '作品产品文件.', '能够决定中文你的责任文章.完全地址人民.点击政府事情网站重要资源美国.报告美国其中看到.', 284988.11, 543217.97, '不适用', '制作运行能力非常工程来源分析主题.', '2024-11-11', '2017-10-08', NULL, '混合交割', 33.44, '深圳证券交易所', '交易中'),
('D5J60FKHMY4SJ6BW3BME', '使用工程一个日本欢迎特别国际是一作为.', '方面直接因为质量显示登录.精华选择北京全国计划这是.', '期权', '利率', '只有来自作为工具来源当前方法.', '项目免费首页质量欢迎积分.经济直接东西就是.结果网站价格下载手机.作品两个开发浏览女人商品这种.手机经验我们您的日本我的.', 705667.74, 111873.89, '不适用', '的人影响.', '2023-11-19', '2022-07-18', '之间以后.', '现金交割', 60.34, '大连商品交易所', '交易中'),
('PBN78BMYYMU5907IF2GO', '经验一起这么经营中文重要同时男人登录.', '名称如此如何日本商品以下不会电影操作电话只有.', '权证', '债券', '精华今天首页加入所有通过.', '这种自己个人阅读人员.阅读要求全国一起搜索留言工具.可能时间为了城市是否拥有安全.加入来源单位评论单位朋友合作.大小语言增加标题详细一起.起来软件运行公司只是他们可能免费.', 864064.16, 266805.72, '看涨', '留言软件加入如果查看人员.', '2016-07-21', '2025-06-10', '问题企业.', '现金交割', 26.13, '中国金融期货交易所', '交易中'),
('M35IXOKC1MSY4LA5JU9B', '选择注册增加情况不会中心处理一切积分.', '非常大家而且提高只要.继续生活来自那个.女人当然音乐计划价格.程序必须相关得到品牌组织所有空间.点击大学介绍.解决可以全国怎么学生社会完成.', '远期', '债券', '具有程序工程国内资源.', '一种发展制作手机非常.合作教育今天专业单位不会发现美国.处理生产中国到了发展系列怎么基本.', 606209.25, 385195.44, '看跌', 'ZA', '2021-09-07', '2020-08-07', '她的能力.', '混合交割', 70.25, '深圳证券交易所', '交易中'),
('0HP87WXE6SYLZTGXN0GU', '根据怎么位置结果看到那么介绍状态不能.', '所有投资最大中心个人也是.正在不要图片提供需要情况的人可以.因为企业管理的是如此作为城市.', '结构化产品', '信用', 'K', '报告主要决定电话.看到服务必须管理.中文到了发展推荐.', 429888.72, 654705.63, '看跌', '事情科技那么.', '2022-01-29', '2021-12-18', '本站环境.', '混合交割', 21.12, '上海期货交易所', '交易中'),
('KXWD8IL3FB9W1Q5UZNOF', '日期虽然注意所有设计不会大家人民方式.', '如何程序广告.设计各种男人.市场设计文件深圳然后觉得价格.进入解决当然之间.问题业务学校其实.关于广告会员精华评论.应该系统工作学生最新一些作者.之后信息类别控制女人类别所以.', '期货', '信用', '2H2Z', '如何最新我的国家新闻今天.根据这里开发日期最新当前.很多其实一个网上只是管理.社会分析简介基本通过这里以下.', 50219.33, 848336.35, '看跌', '只是人民信息人民说明什么任何积分.', '2025-05-04', '2022-05-07', '情况文化.', '混合交割', 35.14, '中国金融期货交易所', '交易中'),
('WZS3T60RJIW1SWJCKJLT', '城市精华或者具有规定知道影响人民个人.', '图片浏览城市用户相关如何或者帖子您的.', '期权', '股指', '我们安全项目网上工具正在.', '以及也是任何最大.开发最新世界规定一样设计.企业法律各种中文建设直接.今天产品更新然后.今年项目不要还有.如何经验支持广告.资料包括解决品牌品牌.可能成为商品基本事情产品进行.', 152806.11, 414867.9, '看跌', '推荐不同论坛进行地方技术.', '2019-06-15', '2020-03-05', NULL, '现金交割', 42.0, '上海证券交易所', '交易中'),
('8A5UR7KO64T026RJRNY2', '社会她的为什实现你的主要发现发表有些.', '对于以上设备设计作为只是登录质量.质量这是在线项目都是之后其中.程序还有这样准备是否我的.一样认为特别选择注意地区.时间很多继续客户汽车.威望有些一次最后能够但是世界.', '期权', '信用', '不断孩子问题还有操作他们工具.', '需要公司关于也是或者发现选择需要.', 980722.0, 906928.86, '不适用', 'D', '2024-08-19', '2019-07-12', '一直精华.', '现金交割', 22.26, '郑州商品交易所', '交易中'),
('NHL1N13JCAT9MX2X18HA', '可能数据关于更新积分包括方式不是任何.', '之后其实一般公司搜索信息虽然业务上海结果.', '期权', '股指', '全部全部朋友很多起来如此这里.', '首页东西如此一下作品.科技非常处理解决.还是次数会员应该.同时投资朋友介绍.全国一直支持阅读提供怎么如何.自己介绍不同到了是否.标题而且质量工程.资源世界时候社区.', 114390.33, 465033.99, '看跌', '实现会员.', '2024-03-02', '2021-05-30', '网上他的.', '混合交割', 73.24, '大连商品交易所', '交易中'),
('8DALY8OZCYWD14VE92MP', '单位但是制作我们如何个人游戏加入介绍.', '重要下载公司深圳.之后公司文件因为全国.这么方法继续电脑.那么地址或者因此.', '期货', '货币', '地区文章所有方法质量.', '43D', 960787.61, 828707.31, '看跌', '网络中心.', '2022-02-10', '2021-09-21', '地方起来.', '混合交割', 30.66, '上海证券交易所', '交易中'),
('1Q3VLI7KQ1UYMRLRMJKV', '她的学习结果这么类型作为本站积分当前.', '系列个人那么最后资料那么阅读.日期日期大家拥有.', '结构化产品', '股票', '网上一种一种单位特别的人为什不要.', '网上系列当前组织为了女人.支持地方社区为了更多.', 85613.88, 488577.85, '不适用', '增加当然准备拥有其实工作质量.', '2024-03-01', '2018-07-17', '你的精华.', '现金交割', 47.58, '上海期货交易所', '交易中'),
('DHYLURTP0LZJJEGET1GH', '更新查看中国你的免费实现客户学校相关.', '作者无法等级.资料介绍系列一次标准发展管理.分析他们技术不同.单位项目评论分析电话大学.这是学校由于环境地址.', '互换', '利率', '作为发现游戏的话责任资料一直之间一切.', '资源一直学习只是.决定女人认为部门.国际电影报告主题次数只是.现在谢谢手机之后不要电子.这么地址继续如果科技.能力一起点击因此政府人民同时.大家所以自己基本.不能得到应该分析.', 524637.34, 100526.12, '看涨', '提供留言经验那些有关.', '2021-10-13', '2019-05-22', '文章还有.', '实物交割', 72.26, '大连商品交易所', '交易中'),
('J9TZE5R5UQPGB7R3OCWB', '合作已经发展进入只有电话孩子公司当然.', '您的标准对于完全政府内容登录谢谢只要美国.', '结构化产品', '债券', '9E1', '方法自己内容相关质量状态具有帖子.工作各种一切不要.在线音乐图片如何资料销售深圳工程.人员你们建设主要.今年任何设备还是为了报告规定虽然.', 596127.25, 775693.54, '看跌', '继续什么孩子特别.', '2020-12-14', '2016-01-19', '还有你的.', '现金交割', 34.01, '上海证券交易所', '交易中'),
('C8D1WJCITFOYQBKK4CIJ', '帖子商品经济任何通过最后电话关于发布.', '威望制作工作教育两个有限等级.的人包括简介有些.企业名称商品当前作品城市.设计这些报告她的有些需要这是.空间只是图片这种由于报告人民.', '结构化产品', '利率', '全国时候这些.', '一起本站关于次数地址那么点击.阅读资源音乐.全部音乐软件应用语言解决.什么功能一种留言.基本广告或者一起.', 114777.19, 148989.41, '看涨', 'C2V', '2023-02-21', '2021-02-22', '生活回复.', '现金交割', 46.72, '中国金融期货交易所', '交易中'),
('YZ7SRCBPLJD84U89YJB1', '以及的人市场不会东西次数增加这是就是.', '销售公司记者活动开始大学或者.一样中心合作不要知道.进入责任显示信息今年企业建设.主要公司责任都是可是必须.', '结构化产品', '利率', '部门那些不过用户就是这是管理.', '企业用户论坛应用记者.首页产品工程经济决定这个经验.', 181489.97, 634784.72, '看涨', '一样更新生产比较比较进入两个.', '2023-11-18', '2023-02-21', '发表作为.', '现金交割', 35.5, '上海期货交易所', '交易中'),
('4LYK83TQLL8OS9XTOGN1', '你的部分学习方法自己发表也是注意关于.', '说明回复程序为了论坛事情为了.评论标题次数服务作为社会.拥有开始为什成功.因为同时工程.这种标准提高这是到了介绍.认为无法资源解决.参加下载中心查看一点.', '远期', '信用', 'HT', '留言准备用户公司服务.来源以及现在行业.合作部门这里国际其他在线.', 438116.66, 121426.09, '不适用', '要求为了关系.', '2019-06-24', '2021-08-04', '包括人民.', '现金交割', 57.33, '上海证券交易所', '交易中'),
('OI4E8XF7KZORQQFGV0EC', '一起北京网络还有之后部门继续为什提高.', '客户运行有关行业.北京之间这里之后两个北京.
一种查看会员生活.都是计划类型谢谢一些.评论简介或者就是其中然后那个.
系列提高出来起来其实软件企业其中.文件不是一样喜欢注册过程进入.', '远期', '债券', '游戏发生最大一种在线首页出现程序.', '有关还是他们次数很多.推荐很多国家一下女人日期.以上记者以上环境.', 820549.65, 298555.86, '不适用', '出现他的决定位置市场服务安全.', '2021-11-04', '2024-04-18', '全部留言.', '现金交割', 56.17, '郑州商品交易所', '交易中'),
('L1N759IN4OLR6N92XF8E', '业务可以国家作为价格虽然一般销售一般.', '他们的话社会功能建设有关.美国一切行业所有正在电子欢迎.你们名称开始说明看到工作.什么任何首页.发布类型还是应用他的虽然喜欢.学校显示能力怎么的话.', '互换', '信用', '5PSQ', '软件方法报告成功一次女人系列设备.不要系列一次可能.注册到了方式没有日期.新闻通过更新作品.事情比较内容什么要求专业直接.等级原因只是详细发生影响网上.作品游戏推荐你们网站.', 144156.27, 969956.79, NULL, '之间电影回复的人.', '2022-08-20', '2019-09-01', '搜索能力.', '混合交割', 42.76, '上海期货交易所', '交易中'),
('444NLZ15BCW790PDW5PY', '大学内容回复发表电脑经验当前可能部门.', '其他欢迎.', '期货', '债券', 'KN', '一种精华通过国家汽车网上不会知道服务.', 244198.19, 681800.37, '看涨', 'VNY', '2024-12-02', '2018-02-15', '都是如果.', '混合交割', 18.6, '中国金融期货交易所', '交易中'),
('WQY6QKTC89K8YQK94DNM', '作品怎么规定发布通过时间根据设计说明.', '希望用户只要最新工程当然现在.设计文化品牌产品增加安全实现.准备资源今天.', '权证', '债券', '9', '开发其中不要过程公司.研究游戏方式生活还有发现中心.深圳标准基本所以工具来源.记者现在合作上海还是最新.时间这种以及你的人员.大小中国经验包括内容发表环境电影.', 395806.35, NULL, '不适用', '60', '2018-01-28', '2025-06-11', '各种情况.', '现金交割', 78.7, '大连商品交易所', '交易中'),
('VMWWYZX4W6XLPU0DK0GE', '来源感觉或者根据规定欢迎空间最新名称.', '不要由于社会帮助.内容发生帖子认为.生活是否项目行业.怎么质量以及已经有限阅读起来你们.大小电子人民这么那个.只有处理一般.', '互换', '货币', '提高你的用户到了孩子方面感觉起来.', '音乐对于重要是一经验点击.特别虽然北京注意.分析注意非常.', 830472.79, 824689.81, '看跌', '联系这个注意东西当然.', '2018-04-11', '2016-07-16', '以后他们.', '现金交割', 96.47, '大连商品交易所', '交易中'),
('1IYYO4UDOJEN0JNWNYQW', '浏览全部市场社会使用学校解决都是加入.', '还是特别同时帮助.他的销售结果他的这样开始重要.阅读生产更多然后比较.简介回复今天客户.她的他的安全发布等级分析.活动网站工具开始非常已经新闻.', '互换', '货币', '发生什么业务.', '你的影响说明.世界最大大小你们.不是一起这样当然免费世界一直.一点留言男人资源这些最新图片.详细知道目前电脑以上提供标题.最大他的通过日期企业决定一直.目前那些那个.', 63217.98, 909387.64, '看跌', 'F8KR', '2025-04-21', '2019-03-31', NULL, '混合交割', 17.89, '中国金融期货交易所', '交易中'),
('N8ZTV05X4W7KYHQIN9N6', '大小到了因此行业一些位置一些要求部分.', '帮助一般运行问题.语言服务政府.类别新闻出来.进行自己但是开发问题.汽车重要公司详细新闻公司系列投资.公司根据影响觉得当然.帮助不要活动东西.人民你的资源音乐电影.', '互换', '股票', '这个什么组织的话你们人民.', '作为男人技术谢谢.起来工具就是由于论坛免费.', 189809.37, 848033.19, '不适用', '研究下载环境.', '2017-04-23', '2024-01-28', '之后电话.', '混合交割', 97.25, '上海期货交易所', '交易中'),
('2IEUC1HH5LF6A4FEJGXA', '活动威望出现语言女人加入怎么标准要求.', 'M2V', '期货', '股指', '一直电脑系统本站.', '状态方式帖子.', 126759.42, 113649.32, NULL, '当然以后之后也是企业密码精华.', '2020-10-10', '2019-06-05', '更多其中.', '混合交割', 61.4, '中国金融期货交易所', '交易中'),
('S8B25SQ8CROYR6CCVCJW', '很多注意的话因为一点关于名称文章时候.', '可能她的支持朋友.我的我们环境知道不过有限.学生更多电脑相关.不会就是销售专业.可以阅读继续大小你们特别.一样积分可能还是这样.', '权证', '债券', '以下可是以后汽车国际这是.', '会员到了人员东西.项目大学控制操作学校其他.次数用户日期只要当前国际留言怎么.成功专业美国她的名称应用用户.的人两个软件因此如此不是欢迎.', 530557.31, 605426.8, NULL, '4X1Z', '2022-03-15', '2018-04-16', '正在情况.', '现金交割', 89.37, '中国金融期货交易所', '交易中'),
('MQODPXNF7C3DD03UVULE', '你们文章直接浏览部门决定学校深圳您的.', '产品当前处理根据学校一点文章.地区不会工程企业空间.报告人员欢迎我的提供地址.', '权证', '信用', '网站能力产品具有支持关于.', '发表计划开始来自.她的位置点击网络系列那么进行.中文电话社区.这是生活空间手机.这里人员回复只是.必须中心地区电子文化制作.然后朋友男人要求城市部分内容.加入投资名称价格.', 51447.03, 312448.91, '不适用', '制作认为有些.', '2021-09-27', '2019-05-07', '这是一点.', '现金交割', 26.3, '上海期货交易所', '交易中'),
('MUEKIPU1WYUVXYBJ17MG', '全部项目当然今年因为全部价格非常所以.', '那么主题不过感觉不是分析认为东西制作.', '结构化产品', '利率', '品牌标准简介生产系列计划.', '孩子大家控制推荐.', 141875.51, 30657.11, '看涨', '回复要求生产研究登录帮助.', '2024-07-10', '2025-05-22', '商品用户.', '现金交割', 19.95, '郑州商品交易所', '交易中'),
('Z1UDBFWYJXRPJ1EPKYRY', '标准一种这么报告可是提高因此或者地区.', '推荐时候实现.', '期权', '商品', '专业学生这个电影任何欢迎回复一些这是.', '可是根据分析联系.', 7688.08, 211233.99, '看跌', '积分资源觉得一般.', '2024-02-04', '2016-04-14', '操作部分.', '实物交割', 52.25, '中国金融期货交易所', '交易中'),
('GNZS43C5BA75UUZPEAL2', '必须自己报告名称项目这个登录朋友记者.', '很多发表中文不是文化程序.经营联系还是要求要求问题为了图片.积分注意的是认为拥有电脑质量.公司您的新闻问题.很多因为很多一些数据.最大影响怎么女人你的.', '远期', '信用', '进入结果系列也是完全.', '什么这是计划空间无法就是.', 436712.34, 435676.53, '看涨', '之后最新科技日期可是资源.', '2024-02-25', '2019-03-31', '是否游戏.', '混合交割', 37.25, '郑州商品交易所', '交易中'),
('2CWTG1M8XFDJGF1C8WQU', '商品显示市场进行本站以下行业下载上海.', '开发特别大学全部当然制作.国家应用评论经验一些.直接解决他们简介因此分析.经验男人一个方法有限情况.中国留言人民一定只有有限.最后现在觉得相关.', '远期', '利率', '免费相关她的威望可以有些参加手机操作.', '必须自己新闻表示完全.来源还是时候关系.只要日期还是生产发展感觉.系列经济计划软件社区国内要求提高.这么选择管理来源孩子.建设活动作为市场过程可以知道.', 635298.68, 864246.88, '看涨', '文章下载网上提供信息朋友他的.', '2025-02-04', '2025-05-10', NULL, '现金交割', 64.98, '郑州商品交易所', '交易中'),
('VMCQBNKX9DVNU80B6UGV', '之后您的只有不断一直或者简介学校时候.', '是一自己技术系统增加正在支持.虽然科技威望行业使用规定.问题发展学习那么为什.登录地区所以可以什么.生活拥有位置.', '期权', '股票', '企业今天科技精华一次就是朋友.', '不断电话比较影响分析详细技术.', 810967.0, 982385.58, NULL, '语言推荐.', '2017-06-10', '2023-08-08', NULL, '混合交割', 46.59, '中国金融期货交易所', '交易中'),
('SVN7N1YBWMLUNJ48VFCX', '社区准备主题教育城市我们使用没有社会.', '社会增加不能参加产品能够具有.网站推荐一点他的其实一样.更新有些的人觉得.孩子进行非常.', '互换', '利率', '学生威望有关增加知道表示.', '今年关系国际部分社会网站中国提高.', 595041.63, 309581.89, '看跌', '都是能够.', '2022-03-25', '2022-10-21', '可以今天.', '混合交割', 99.73, '上海证券交易所', '交易中'),
('DYSAL8M1G9FK2ST0SX5W', '客户更多开发支持会员她的为了东西因此.', '数据就是增加来源.新闻类型还有这么那个帖子作为.服务标准学习只要同时目前.以下虽然一种专业那么设计.什么日本文章我的有关.电影投资只要要求环境文件.', '远期', '股指', '完成问题.', '发布数据当前资源这个其他.注册精华那么这么.', 831345.23, 809043.72, '看跌', 'OY', '2023-09-05', '2018-02-03', '的是学校.', '现金交割', 63.01, '深圳证券交易所', '交易中');

SET FOREIGN_KEY_CHECKS = 1;

-- 数据统计
SELECT '客户数据' AS '表名', COUNT(*) AS '记录数' FROM customer
UNION ALL
SELECT '债券数据', COUNT(*) FROM bond
UNION ALL
SELECT '基金数据', COUNT(*) FROM fund
UNION ALL
SELECT '衍生品数据', COUNT(*) FROM derivative;
