-- ============================================================
-- 金融数据生成系统 - 测试数据
-- Fin-Data-Maker Test Data
-- ============================================================

SET NAMES utf8mb4;
SET FOREIGN_KEY_CHECKS = 0;

-- ============================================================
-- 1. 客户数据 (Customer)
-- ============================================================
INSERT INTO customer (customer_id, customer_name, id_card_no, gender, birth_date, phone, email, address, customer_type, customer_level, registration_date, status) VALUES
('CUST00000001', '张伟', '110101198001011234', '男', '1980-01-01', '13800138001', 'zhangwei@example.com', '北京市朝阳区建国路88号', '个人', '金卡', '2020-01-15', '正常'),
('CUST00000002', '李娜', '110101198502021235', '女', '1985-02-02', '13800138002', 'lina@example.com', '北京市海淀区中关村大街1号', '个人', '白金卡', '2020-02-20', '正常'),
('CUST00000003', '王强', '110101197503031236', '男', '1975-03-03', '13800138003', 'wangqiang@example.com', '上海市浦东新区陆家嘴环路1000号', '个人', '钻石卡', '2019-05-10', '正常'),
('CUST00000004', '中国石油天然气集团', '91110000100000001X', '男', '1988-09-17', '01088888888', 'cnpc@cnpc.com.cn', '北京市东城区东直门外小街6号', '企业', '钻石卡', '2018-03-01', '正常'),
('CUST00000005', '中国工商银行', '91110000100000002Y', '男', '1984-01-01', '95588', 'service@icbc.com.cn', '北京市西城区复兴门内大街55号', '企业', '钻石卡', '2017-01-01', '正常'),
('CUST00000006', '刘芳', '110101199006061237', '女', '1990-06-06', '13800138006', 'liufang@example.com', '深圳市福田区福华路1号', '个人', '金卡', '2021-03-15', '正常'),
('CUST00000007', '陈明', '110101198807071238', '男', '1988-07-07', '13800138007', 'chenming@example.com', '广州市天河区珠江新城花城大道66号', '个人', '银卡', '2021-06-20', '正常'),
('CUST00000008', '腾讯科技有限公司', '91440300100000003Z', '男', '1998-11-11', '0755-86013388', 'service@tencent.com', '广东省深圳市南山区科技园', '企业', '钻石卡', '2019-01-10', '正常'),
('CUST00000009', '阿里巴巴集团', '91330100100000004A', '男', '1999-09-09', '0571-85022088', 'service@alibaba.com', '浙江省杭州市余杭区文一西路969号', '企业', '钻石卡', '2019-02-15', '正常'),
('CUST00000010', '赵敏', '110101199208081239', '女', '1992-08-08', '13800138010', 'zhaomin@example.com', '成都市锦江区红星路二段70号', '个人', '普通', '2022-01-01', '正常');

-- ============================================================
-- 2. 债券数据 (Bond)
-- ============================================================
INSERT INTO bond (bond_id, issuer_id, bond_code, bond_name, bond_type, face_value, coupon_rate, issue_price, issue_amount, issue_date, maturity_date, payment_frequency, credit_rating, listing_date, status) VALUES
('BOND00000001', 'CUST00000004', '019547', '20国债01', '国债', 100.00, 3.27, 100.00, 50000000.00, '2020-03-01', '2030-03-01', '半年付', 'AAA', '2020-03-15', '正常交易'),
('BOND00000002', 'CUST00000004', '019548', '20国债02', '国债', 100.00, 3.50, 100.00, 80000000.00, '2020-06-01', '2040-06-01', '半年付', 'AAA', '2020-06-15', '正常交易'),
('BOND00000003', 'CUST00000005', '108601', '20工行01', '金融债', 100.00, 3.85, 100.00, 30000000.00, '2020-08-10', '2023-08-10', '年付', 'AAA', '2020-08-20', '正常交易'),
('BOND00000004', 'CUST00000005', '108602', '20工行02', '金融债', 100.00, 4.20, 100.00, 50000000.00, '2021-01-15', '2026-01-15', '年付', 'AAA', '2021-01-25', '正常交易'),
('BOND00000005', 'CUST00000008', '143258', '21腾讯01', '公司债', 100.00, 4.50, 100.00, 10000000.00, '2021-03-20', '2024-03-20', '年付', 'AAA', '2021-04-01', '正常交易'),
('BOND00000006', 'CUST00000008', '143259', '21腾讯02', '公司债', 100.00, 4.75, 100.00, 15000000.00, '2021-09-10', '2026-09-10', '年付', 'AAA', '2021-09-20', '正常交易'),
('BOND00000007', 'CUST00000009', '143360', '22阿里01', '公司债', 100.00, 4.60, 100.00, 20000000.00, '2022-05-15', '2027-05-15', '年付', 'AAA', '2022-05-25', '正常交易'),
('BOND00000008', 'CUST00000004', '012003', '20石油CP001', '短期融资券', 100.00, 2.80, 100.00, 50000000.00, '2020-09-01', '2021-09-01', '到期一次还本付息', 'AA+', '2020-09-10', '已到期'),
('BOND00000009', 'CUST00000004', '102101', '21石油MTN001', '中期票据', 100.00, 4.00, 100.00, 80000000.00, '2021-06-01', '2024-06-01', '年付', 'AAA', '2021-06-15', '正常交易'),
('BOND00000010', 'CUST00000005', '113536', '工行转债', '可转债', 100.00, 1.50, 100.00, 60000000.00, '2020-12-01', '2026-12-01', '年付', 'AAA', '2020-12-15', '正常交易');

-- ============================================================
-- 3. 基金数据 (Fund)
-- ============================================================
INSERT INTO fund (fund_id, fund_code, fund_name, fund_type, fund_manager, fund_manager_id, custodian, net_value, accumulated_net_value, fund_size, establishment_date, management_fee_rate, custodian_fee_rate, subscription_rate, redemption_rate, risk_level, status) VALUES
('FUND00000001', '000001', '华夏成长混合', '混合型', '华夏基金管理有限公司', 'CUST00000003', '中国工商银行', 1.5240, 3.2150, 125.50, '2001-12-18', 1.50, 0.25, 1.20, 0.50, '中高风险', '运作中'),
('FUND00000002', '110022', '易方达消费行业股票', '股票型', '易方达基金管理有限公司', 'CUST00000003', '中国建设银行', 3.8620, 3.8620, 235.80, '2010-08-20', 1.50, 0.25, 1.50, 0.50, '高风险', '运作中'),
('FUND00000003', '163402', '兴全趋势投资混合', '混合型', '兴全基金管理有限公司', 'CUST00000006', '中国工商银行', 1.2580, 5.9460, 89.30, '2005-11-03', 1.50, 0.25, 1.50, 0.50, '中高风险', '运作中'),
('FUND00000004', '040004', '华安宝利配置混合', '混合型', '华安基金管理有限公司', 'CUST00000006', '中国银行', 1.3750, 4.5690, 52.60, '2004-08-24', 1.50, 0.25, 1.20, 0.50, '中等风险', '运作中'),
('FUND00000005', '050002', '博时裕富沪深300指数', '指数型', '博时基金管理有限公司', 'CUST00000007', '中国建设银行', 1.4280, 3.5120, 156.70, '2003-08-26', 1.00, 0.20, 1.20, 0.50, '中高风险', '运作中'),
('FUND00000006', '510050', '华夏上证50ETF', 'ETF', '华夏基金管理有限公司', 'CUST00000003', '中国工商银行', 3.0560, 3.5280, 482.30, '2004-12-30', 0.50, 0.10, 0.00, 0.00, '中高风险', '运作中'),
('FUND00000007', '161725', '招商中证白酒指数分级', 'LOF', '招商基金管理有限公司', 'CUST00000007', '中国银行', 1.0860, 1.8540, 67.90, '2015-05-27', 1.00, 0.20, 1.20, 0.50, '高风险', '运作中'),
('FUND00000008', '270008', '广发核心精选混合', '混合型', '广发基金管理有限公司', 'CUST00000006', '中国工商银行', 4.3670, 4.9850, 92.40, '2008-07-16', 1.50, 0.25, 1.50, 0.50, '中高风险', '运作中'),
('FUND00000009', '000041', '华夏全球精选股票QDII', 'QDII', '华夏基金管理有限公司', 'CUST00000003', '中国建设银行', 1.0280, 1.0280, 28.50, '2007-10-09', 1.80, 0.35, 1.60, 0.50, '高风险', '运作中'),
('FUND00000010', '006098', '易方达货币市场基金A', '货币型', '易方达基金管理有限公司', 'CUST00000003', '中国工商银行', 1.0000, 1.0000, 1250.60, '2012-05-18', 0.33, 0.10, 0.00, 0.00, '低风险', '运作中');

-- ============================================================
-- 4. 衍生品数据 (Derivative)
-- ============================================================
INSERT INTO derivative (derivative_id, contract_code, contract_name, derivative_type, underlying_asset_type, underlying_asset_code, underlying_asset_name, contract_size, strike_price, option_type, contract_unit, listing_date, expiry_date, delivery_month, settlement_method, margin_rate, exchange, status) VALUES
('DERIV0000001', 'IF2312', '沪深300股指期货2312', '期货', '股指', '000300', '沪深300指数', 300.00, NULL, '不适用', '点', '2023-01-01', '2023-12-15', '202312', '现金交割', 12.00, '中国金融期货交易所', '交易中'),
('DERIV0000002', 'IC2312', '中证500股指期货2312', '期货', '股指', '000905', '中证500指数', 200.00, NULL, '不适用', '点', '2023-01-01', '2023-12-15', '202312', '现金交割', 15.00, '中国金融期货交易所', '交易中'),
('DERIV0000003', 'IH2312', '上证50股指期货2312', '期货', '股指', '000016', '上证50指数', 300.00, NULL, '不适用', '点', '2023-01-01', '2023-12-15', '202312', '现金交割', 12.00, '中国金融期货交易所', '交易中'),
('DERIV0000004', 'AU2312', '黄金期货2312', '期货', '商品', 'AU', '黄金', 1000.00, NULL, '不适用', '克', '2023-01-01', '2023-12-15', '202312', '实物交割', 8.00, '上海期货交易所', '交易中'),
('DERIV0000005', 'CU2312', '铜期货2312', '期货', '商品', 'CU', '铜', 5.00, NULL, '不适用', '吨', '2023-01-01', '2023-12-15', '202312', '实物交割', 10.00, '上海期货交易所', '交易中'),
('DERIV0000006', 'A2401', '豆一期货2401', '期货', '商品', 'A', '黄大豆1号', 10.00, NULL, '不适用', '吨', '2023-01-01', '2024-01-15', '202401', '实物交割', 8.00, '大连商品交易所', '交易中'),
('DERIV0000007', 'M2401', '豆粕期货2401', '期货', '商品', 'M', '豆粕', 10.00, NULL, '不适用', '吨', '2023-01-01', '2024-01-15', '202401', '实物交割', 8.00, '大连商品交易所', '交易中'),
('DERIV0000008', 'SR401', '白糖期货2401', '期货', '商品', 'SR', '白糖', 10.00, NULL, '不适用', '吨', '2023-01-01', '2024-01-15', '202401', '实物交割', 7.00, '郑州商品交易所', '交易中'),
('DERIV0000009', '510050C2312M04200', '50ETF购12月4200', '期权', '股票', '510050', '上证50ETF', 10000.00, 4.2000, '看涨', '份', '2023-06-01', '2023-12-27', '202312', '实物交割', 12.00, '上海证券交易所', '交易中'),
('DERIV0000010', '510050P2312M04000', '50ETF沽12月4000', '期权', '股票', '510050', '上证50ETF', 10000.00, 4.0000, '看跌', '份', '2023-06-01', '2023-12-27', '202312', '实物交割', 12.00, '上海证券交易所', '交易中'),
('DERIV0000011', '510300C2312M04500', '300ETF购12月4500', '期权', '股票', '510300', '沪深300ETF', 10000.00, 4.5000, '看涨', '份', '2023-06-01', '2023-12-27', '202312', '实物交割', 12.00, '上海证券交易所', '交易中'),
('DERIV0000012', 'T2312', '10年期国债期货2312', '期货', '债券', 'T', '10年期国债', 10000.00, NULL, '不适用', '手', '2023-01-01', '2023-12-15', '202312', '实物交割', 2.00, '中国金融期货交易所', '交易中'),
('DERIV0000013', 'TF2312', '5年期国债期货2312', '期货', '债券', 'TF', '5年期国债', 10000.00, NULL, '不适用', '手', '2023-01-01', '2023-12-15', '202312', '实物交割', 1.50, '中国金融期货交易所', '交易中'),
('DERIV0000014', 'TS2312', '2年期国债期货2312', '期货', '债券', 'TS', '2年期国债', 20000.00, NULL, '不适用', '手', '2023-01-01', '2023-12-15', '202312', '实物交割', 0.50, '中国金融期货交易所', '交易中'),
('DERIV0000015', 'IRS-SHIBOR-3M', 'SHIBOR 3个月利率互换', '互换', '利率', 'SHIBOR3M', 'SHIBOR 3个月', 100000000.00, NULL, '不适用', '元', '2022-01-01', '2025-01-01', NULL, '现金交割', 5.00, '上海证券交易所', '交易中');

-- ============================================================
-- 5. 账户数据 (Account) - 示例数据
-- ============================================================
INSERT INTO account (account_id, customer_id, account_no, account_type, currency, balance, available_balance, open_date, branch_code, status) VALUES
('ACCT00000001', 'CUST00000001', '6222021001234567890', '储蓄账户', 'CNY', 58750.50, 58750.50, '2020-01-16', 'BJ001', '正常'),
('ACCT00000002', 'CUST00000002', '6222021001234567891', '储蓄账户', 'CNY', 123456.78, 120000.00, '2020-02-21', 'BJ002', '正常'),
('ACCT00000003', 'CUST00000003', '6222021001234567892', '储蓄账户', 'CNY', 2500000.00, 2500000.00, '2019-05-11', 'SH001', '正常');

-- ============================================================
-- 数据插入完成
-- ============================================================

SET FOREIGN_KEY_CHECKS = 1;

-- 验证数据
SELECT '客户数据' AS '表名', COUNT(*) AS '记录数' FROM customer
UNION ALL
SELECT '债券数据', COUNT(*) FROM bond
UNION ALL
SELECT '基金数据', COUNT(*) FROM fund
UNION ALL
SELECT '衍生品数据', COUNT(*) FROM derivative
UNION ALL
SELECT '账户数据', COUNT(*) FROM account;
